url,title,ts
https://www.cnblogs.com/cmt/p/16729749.html,上周热点回顾（9.19-9.25）,2022-09-26 09:15
https://www.cnblogs.com/cmt/p/16706860.html,上周热点回顾（9.12-9.18）,2022-09-19 10:31
https://www.cnblogs.com/cmt/p/16685636.html,上周热点回顾（9.5-9.11）,2022-09-12 10:32
https://www.cnblogs.com/cmt/p/16657056.html,上周热点回顾（8.29-9.4）,2022-09-05 09:56
https://www.cnblogs.com/cmt/p/16634970.html,上周热点回顾（8.22-8.28）,2022-08-29 10:12
https://www.cnblogs.com/cmt/p/16611865.html,上周热点回顾（8.15-8.21）,2022-08-22 10:01
https://www.cnblogs.com/cmt/p/16587220.html,上周热点回顾（8.8-8.14）,2022-08-15 09:54
https://www.cnblogs.com/cmt/p/16560827.html,上周热点回顾（8.1-8.7）,2022-08-08 10:04
https://www.cnblogs.com/cmt/p/16539235.html,上周热点回顾（7.25-7.31）,2022-08-01 10:17
https://www.cnblogs.com/cmt/p/16516435.html,上周热点回顾（7.18-7.24）,2022-07-25 10:01
https://www.cnblogs.com/cmt/p/16489429.html,上周热点回顾（7.11-7.17）,2022-07-18 10:09
https://www.cnblogs.com/cmt/p/16465389.html,上周热点回顾（7.4-7.10）,2022-07-11 09:36
https://www.cnblogs.com/cmt/p/16441671.html,上周热点回顾（6.27-7.3）,2022-07-04 08:38
https://www.cnblogs.com/cmt/p/16415186.html,上周热点回顾（6.20-6.26）,2022-06-27 09:44
https://www.cnblogs.com/cmt/p/16392184.html,周热点回顾（6.13-6.19）,2022-06-20 09:27
https://www.cnblogs.com/cmt/p/16369812.html,上周热点回顾（6.6-6.12）,2022-06-13 10:04
https://www.cnblogs.com/cmt/p/16346997.html,上周热点回顾（5.30-6.5）,2022-06-06 09:04
https://www.cnblogs.com/cmt/p/16325710.html,上周热点回顾（5.23-5.29）,2022-05-30 09:19
https://www.cnblogs.com/cmt/p/16300266.html,上周热点回顾（5.16-5.22）,2022-05-23 10:25
https://www.cnblogs.com/cmt/p/16275795.html,上周热点回顾（5.9-5.15）,2022-05-16 09:31
https://www.cnblogs.com/cmt/p/16247941.html,上周热点回顾（5.2-5.8）,2022-05-09 09:11
https://www.cnblogs.com/cmt/p/16217787.html,上周热点回顾（4.25-5.1）,2022-05-03 10:25
https://www.cnblogs.com/cmt/p/16188857.html,上周热点回顾（4.18-4.24）,2022-04-25 09:38
https://www.cnblogs.com/cmt/p/16158191.html,上周热点回顾（4.11-4.17）,2022-04-18 09:00
https://www.cnblogs.com/cmt/p/16128704.html,上周热点回顾（4.4-4.10）,2022-04-11 09:48
https://www.cnblogs.com/cmt/p/16098352.html,上周热点回顾（3.28-4.3）,2022-04-04 08:52
https://www.cnblogs.com/cmt/p/16065794.html,上周热点回顾（3.21-3.27）,2022-03-28 10:04
https://www.cnblogs.com/cmt/p/16033348.html,上周热点回顾（3.14-3.20）,2022-03-21 09:40
https://www.cnblogs.com/cmt/p/16003072.html,上周热点回顾（3.7-3.13）,2022-03-14 10:26
https://www.cnblogs.com/cmt/p/15974653.html,上周热点回顾（2.28-3.6）,2022-03-07 09:55
https://www.cnblogs.com/cmt/p/15944509.html,上周热点回顾（2.21-2.27）,2022-02-28 10:26
https://www.cnblogs.com/cmt/p/15917549.html,上周热点回顾（2.14-2.20）,2022-02-21 09:48
https://www.cnblogs.com/cmt/p/15891285.html,上周热点回顾（2.7-2.13）,2022-02-14 09:31
https://www.cnblogs.com/cmt/p/15867093.html,上周热点回顾（1.31-2.6）,2022-02-07 10:16
https://www.cnblogs.com/cmt/p/15858093.html,上周热点回顾（1.24-1.30）,2022-01-31 10:32
https://www.cnblogs.com/cmt/p/15838536.html,上周热点回顾（1.17-1.23）,2022-01-24 10:43
https://www.cnblogs.com/cmt/p/15812296.html,上周热点回顾（1.10-1.16）,2022-01-17 09:58
https://www.cnblogs.com/cmt/p/15783294.html,上周热点回顾（1.3-1.9）,2022-01-10 10:06
https://www.cnblogs.com/cmt/p/15759004.html,上周热点回顾（12.27-1.2）,2022-01-03 09:53
https://www.cnblogs.com/cmt/p/15735160.html,上周热点回顾（12.20-12.26）,2021-12-27 10:09
https://www.cnblogs.com/cmt/p/15709795.html,上周热点回顾（12.13-12.19）,2021-12-20 10:27
https://www.cnblogs.com/cmt/p/15682027.html,上周热点回顾（12.6-12.12）,2021-12-13 10:26
https://www.cnblogs.com/cmt/p/15648550.html,上周热点回顾（11.29-12.5）,2021-12-06 09:56
https://www.cnblogs.com/cmt/p/15618114.html,上周热点回顾（11.22-11.28）,2021-11-29 10:03
https://www.cnblogs.com/cmt/p/15587208.html,上周热点回顾（11.15-11.21）,2021-11-22 09:49
https://www.cnblogs.com/cmt/p/15522874.html,上周热点回顾（11.1-11.7）,2021-11-08 09:56
https://www.cnblogs.com/cmt/p/15492137.html,上周热点回顾（10.25-10.31）,2021-11-01 09:40
https://www.cnblogs.com/cmt/p/15457114.html,上周热点回顾（10.18-10.24）,2021-10-25 09:51
https://www.cnblogs.com/cmt/p/15419436.html,上周热点回顾（10.11-10.17）,2021-10-18 10:14
https://www.cnblogs.com/cmt/p/15392054.html,上周热点回顾（10.4-10.10）,2021-10-11 10:04
https://www.cnblogs.com/cmt/p/15365800.html,上周热点回顾（9.27-10.3）,2021-10-04 09:37
https://www.cnblogs.com/cmt/p/15341563.html,上周热点回顾（9.20-9.26）,2021-09-27 09:46
https://www.cnblogs.com/cmt/p/15313649.html,上周热点回顾（9.13-9.19）,2021-09-20 09:37
https://www.cnblogs.com/cmt/p/15261100.html,上周热点回顾（9.6-9.12）,2021-09-13 09:50
https://www.cnblogs.com/cmt/p/15232481.html,上周热点回顾（8.30-9.5）,2021-09-06 09:58
https://www.cnblogs.com/cmt/p/15205029.html,上周热点回顾（8.23-8.29）,2021-08-30 11:09
https://www.cnblogs.com/cmt/p/15174800.html,上周热点回顾（8.16-8.22）,2021-08-23 10:20
https://www.cnblogs.com/cmt/p/15146289.html,上周热点回顾（8.9-8.15）,2021-08-16 09:52
https://www.cnblogs.com/cmt/p/15117375.html,上周热点回顾（8.2-8.8）,2021-08-09 10:04
https://www.cnblogs.com/cmt/p/15088765.html,上周热点回顾（7.26-8.1）,2021-08-02 10:04
https://www.cnblogs.com/cmt/p/15060383.html,上周热点回顾（7.19-7.25）,2021-07-26 10:37
https://www.cnblogs.com/cmt/p/15028929.html,上周热点回顾（7.12-7.18）,2021-07-19 10:04
https://www.cnblogs.com/cmt/p/15000701.html,上周热点回顾（7.5-7.11）,2021-07-12 09:36
https://www.cnblogs.com/cmt/p/14971120.html,上周热点回顾（6.28-7.4）,2021-07-05 10:09
https://www.cnblogs.com/cmt/p/14943170.html,上周热点回顾（6.21-6.27）,2021-06-28 09:48
https://www.cnblogs.com/cmt/p/14911295.html,上周热点回顾（6.14-6.20）,2021-06-21 09:36
https://www.cnblogs.com/cmt/p/14881943.html,上周热点回顾（6.7-6.13）,2021-06-14 10:08
https://www.cnblogs.com/cmt/p/14857678.html,上周热点回顾（5.31-6.6）,2021-06-07 09:59
https://www.cnblogs.com/cmt/p/14830172.html,上周热点回顾（5.24-5.30）,2021-05-31 09:57
https://www.cnblogs.com/cmt/p/14803063.html,上周热点回顾（5.17-5.23）,2021-05-24 09:39
https://www.cnblogs.com/cmt/p/14775795.html,上周热点回顾（5.10-5.16）,2021-05-17 09:40
https://www.cnblogs.com/cmt/p/14749782.html,上周热点回顾（5.3-5.9）,2021-05-10 09:31
https://www.cnblogs.com/cmt/p/14727025.html,上周热点回顾（4.26-5.2）,2021-05-03 09:32
https://www.cnblogs.com/cmt/p/14703333.html,上周热点回顾（4.19-4.25）,2021-04-26 09:52
https://www.cnblogs.com/cmt/p/14675578.html,上周热点回顾（4.12-4.18）,2021-04-19 09:43
https://www.cnblogs.com/cmt/p/14646662.html,上周热点回顾（4.5-4.11）,2021-04-12 09:45
https://www.cnblogs.com/cmt/p/14620499.html,上周热点回顾（3.29-4.4）,2021-04-06 09:54
https://www.cnblogs.com/cmt/p/14535622.html,上周热点回顾（3.8-3.14）,2021-03-15 09:26
https://www.cnblogs.com/cmt/p/14497975.html,上周热点回顾（3.1-3.7）,2021-03-08 09:29
https://www.cnblogs.com/cmt/p/14461918.html,上周热点回顾（2.22-2.28）,2021-03-01 09:37
https://www.cnblogs.com/cmt/p/14428441.html,上周热点回顾（2.15-2.21）,2021-02-22 09:32
https://www.cnblogs.com/cmt/p/14403221.html,上周热点回顾（2.8-2.14）,2021-02-15 08:57
https://www.cnblogs.com/cmt/p/14387648.html,上周热点回顾（2.1-2.7）,2021-02-08 09:34
https://www.cnblogs.com/cmt/p/14355049.html,上周热点回顾（1.25-1.31）,2021-02-01 09:03
https://www.cnblogs.com/cmt/p/14323599.html,上周热点回顾（1.18-1.24）,2021-01-25 09:32
https://www.cnblogs.com/cmt/p/14291243.html,上周热点回顾（1.11-1.17）,2021-01-18 09:34
https://www.cnblogs.com/cmt/p/14260661.html,上周热点回顾（1.4-1.10）,2021-01-11 09:25
https://www.cnblogs.com/cmt/p/14228147.html,上周热点回顾（12.28-1.3）,2021-01-04 09:30
https://www.cnblogs.com/cmt/p/14200030.html,上周热点回顾（12.21-12.27）,2020-12-28 09:22
https://www.cnblogs.com/cmt/p/14166418.html,上周热点回顾（12.14-12.20）,2020-12-21 09:27
https://www.cnblogs.com/cmt/p/14131564.html,上周热点回顾（12.7-12.13）,2020-12-14 09:30
https://www.cnblogs.com/cmt/p/14095656.html,上周热点回顾（11.30-12.6）,2020-12-07 09:27
https://www.cnblogs.com/cmt/p/14059497.html,上周热点回顾（11.23-11.29）,2020-11-30 09:12
https://www.cnblogs.com/cmt/p/14022797.html,上周热点回顾（11.16-11.22）,2020-11-23 09:11
https://www.cnblogs.com/cmt/p/13946962.html,上周热点回顾（11.2-11.8）,2020-11-09 09:29
https://www.cnblogs.com/cmt/p/13912906.html,上周热点回顾（10.26-11.1）,2020-11-02 09:38
https://www.cnblogs.com/cmt/p/13876811.html,上周热点回顾（10.19-10.25）,2020-10-26 09:28
https://www.cnblogs.com/cmt/p/13838704.html,上周热点回顾（10.12-10.18）,2020-10-19 10:34
https://www.cnblogs.com/cmt/p/13801177.html,上周热点回顾（10.5-10.11）,2020-10-12 10:09
https://www.cnblogs.com/cmt/p/13769314.html,上周热点回顾（9.28-10.4）,2020-10-05 09:04
https://www.cnblogs.com/cmt/p/13743158.html,上周热点回顾（9.21-9.27）,2020-09-28 09:31
https://www.cnblogs.com/cmt/p/13708016.html,上周热点回顾（9.14-9.20）,2020-09-21 19:36
https://www.cnblogs.com/cmt/p/13664935.html,上周热点回顾（9.7-9.13）,2020-09-14 09:14
https://www.cnblogs.com/cmt/p/13625120.html,上周热点回顾（8.31-9.6）,2020-09-07 09:37
https://www.cnblogs.com/cmt/p/13587883.html,上周热点回顾（8.24-8.30）,2020-08-31 09:26
https://www.cnblogs.com/cmt/p/13552052.html,上周热点回顾（8.17-8.23）,2020-08-24 09:27
https://www.cnblogs.com/cmt/p/13515852.html,上周热点回顾（8.10-8.16）,2020-08-17 09:34
https://www.cnblogs.com/cmt/p/13467892.html,上周热点回顾（8.3-8.9）,2020-08-10 09:32
https://www.cnblogs.com/cmt/p/13424487.html,上周热点回顾（7.27-8.2）,2020-08-03 09:20
https://www.cnblogs.com/cmt/p/13383635.html,上周热点回顾（7.20-7.26）,2020-07-27 09:15
https://www.cnblogs.com/cmt/p/13343259.html,上周热点回顾（7.13-7.19）,2020-07-20 09:02
https://www.cnblogs.com/cmt/p/13291621.html,上周热点回顾（7.6-7.12）,2020-07-13 09:35
https://www.cnblogs.com/cmt/p/13253189.html,上周热点回顾（6.29-7.5）,2020-07-06 09:33
https://www.cnblogs.com/cmt/p/13206099.html,上周热点回顾（6.22-6.28）,2020-06-29 09:10
https://www.cnblogs.com/cmt/p/13175218.html,上周热点回顾（6.15-6.21）,2020-06-22 09:12
https://www.cnblogs.com/cmt/p/13129080.html,上周热点回顾（6.8-6.14）,2020-06-15 09:13
https://www.cnblogs.com/cmt/p/13063722.html,上周热点回顾（6.1-6.7）,2020-06-08 09:11
https://www.cnblogs.com/cmt/p/13023437.html,上周热点回顾（5.25-5.31）,2020-06-01 09:26
https://www.cnblogs.com/cmt/p/12954798.html,上周热点回顾（5.18-5.24）,2020-05-25 08:56
https://www.cnblogs.com/cmt/p/12908599.html,上周热点回顾（5.11-5.17）,2020-05-18 08:51
https://www.cnblogs.com/cmt/p/12867034.html,上周热点回顾（5.4-5.10）,2020-05-11 09:13
https://www.cnblogs.com/cmt/p/12825272.html,上周热点回顾（4.27-5.3）,2020-05-04 08:56
https://www.cnblogs.com/cmt/p/12784350.html,上周热点回顾（4.20-4.26）,2020-04-27 08:54
https://www.cnblogs.com/cmt/p/12735800.html,上周热点回顾（4.13-4.19）,2020-04-20 09:03
https://www.cnblogs.com/cmt/p/12689281.html,上周热点回顾（4.6-4.12）,2020-04-13 08:48
https://www.cnblogs.com/cmt/p/12640562.html,上周热点回顾（3.30-4.5）,2020-04-06 08:59
https://www.cnblogs.com/cmt/p/12596477.html,上周热点回顾（3.23-3.29）,2020-03-30 08:54
https://www.cnblogs.com/cmt/p/12550199.html,上周热点回顾（3.16-3.22）,2020-03-23 09:05
https://www.cnblogs.com/cmt/p/12501815.html,上周热点回顾（3.9-3.15）,2020-03-16 09:04
https://www.cnblogs.com/cmt/p/12446751.html,上周热点回顾（3.2-3.8）,2020-03-09 09:00
https://www.cnblogs.com/cmt/p/12393810.html,上周热点回顾（2.24-3.1）,2020-03-02 08:51
https://www.cnblogs.com/cmt/p/12355527.html,上周热点回顾（2.17-2.23）,2020-02-24 08:55
https://www.cnblogs.com/cmt/p/12320281.html,上周热点回顾（2.10-2.16）,2020-02-17 08:54
https://www.cnblogs.com/cmt/p/12289810.html,上周热点回顾（2.3-2.9）,2020-02-10 08:54
https://www.cnblogs.com/cmt/p/12254611.html,上周热点回顾（1.27-2.2）,2020-02-03 08:47
https://www.cnblogs.com/cmt/p/12235413.html,上周热点回顾（1.20-1.26）,2020-01-27 08:41
https://www.cnblogs.com/cmt/p/12216563.html,上周热点回顾（1.13-1.19）,2020-01-20 08:46
https://www.cnblogs.com/cmt/p/12185600.html,上周热点回顾（1.6-1.12）,2020-01-13 08:51
https://www.cnblogs.com/cmt/p/12154737.html,上周热点回顾（12.30-1.5）,2020-01-06 09:13
https://www.cnblogs.com/cmt/p/12117928.html,上周热点回顾（12.23-12.29）,2019-12-30 08:58
https://www.cnblogs.com/cmt/p/12082178.html,上周热点回顾（12.16-12.22）,2019-12-23 09:41
https://www.cnblogs.com/cmt/p/12047584.html,上周热点回顾（12.9-12.15）,2019-12-16 09:51
https://www.cnblogs.com/cmt/p/12009029.html,上周热点回顾（12.2-12.8）,2019-12-09 09:07
https://www.cnblogs.com/cmt/p/11968798.html,上周热点回顾（11.25-12.1）,2019-12-02 09:14
https://www.cnblogs.com/cmt/p/11925861.html,上周热点回顾（11.18-11.24）,2019-11-25 09:13
https://www.cnblogs.com/cmt/p/11880206.html,上周热点回顾（11.11-11.17）,2019-11-18 09:06
https://www.cnblogs.com/cmt/p/11832917.html,上周热点回顾（11.4-11.10）,2019-11-11 09:26
https://www.cnblogs.com/cmt/p/11790358.html,上周热点回顾（10.28-11.3）,2019-11-04 09:05
https://www.cnblogs.com/cmt/p/11750339.html,上周热点回顾（10.21-10.27）,2019-10-28 09:08
https://www.cnblogs.com/cmt/p/11711527.html,上周热点回顾（10.14-10.20）,2019-10-21 09:09
https://www.cnblogs.com/cmt/p/11669550.html,上周热点回顾（10.7-10.13),2019-10-14 09:03
https://www.cnblogs.com/cmt/p/11629466.html,上周热点回顾（9.30-10.6）,2019-10-07 09:10
https://www.cnblogs.com/cmt/p/11619525.html,上周热点回顾（9.23-9.29）,2019-10-03 12:21
https://www.cnblogs.com/cmt/p/11576396.html,上周热点回顾（9.16-9.22）,2019-09-24 09:11
https://www.cnblogs.com/cmt/p/11525522.html,上周热点回顾（9.9-9.15）,2019-09-16 09:10
https://www.cnblogs.com/cmt/p/11489749.html,上周热点回顾（9.2-9.8）,2019-09-09 09:08
https://www.cnblogs.com/cmt/p/11444708.html,上周热点回顾（8.26-9.1）,2019-09-02 09:10
https://www.cnblogs.com/cmt/p/11410510.html,上周热点回顾（8.19-8.25）,2019-08-26 09:09
https://www.cnblogs.com/cmt/p/11375341.html,上周热点回顾（8.12-8.18）,2019-08-19 09:34
https://www.cnblogs.com/cmt/p/11337786.html,上周热点回顾（8.5-8.11）,2019-08-12 09:07
https://www.cnblogs.com/cmt/p/11302289.html,上周热点回顾（7.29-8.4）,2019-08-05 12:19
https://www.cnblogs.com/cmt/p/11261993.html,上周热点回顾（7.22-7.28）,2019-07-29 09:07
https://www.cnblogs.com/cmt/p/11223842.html,上周热点回顾（7.15-7.21）,2019-07-22 09:04
https://www.cnblogs.com/cmt/p/11186966.html,上周热点回顾（7.8-7.14),2019-07-15 09:05
https://www.cnblogs.com/cmt/p/11149214.html,上周热点回顾（7.1-7.7）,2019-07-08 09:03
https://www.cnblogs.com/cmt/p/11112201.html,上周热点回顾（6.24-6.30）,2019-07-01 09:05
https://www.cnblogs.com/cmt/p/11075313.html,上周热点回顾（6.17-6.23）,2019-06-24 09:06
https://www.cnblogs.com/cmt/p/11037868.html,上周热点回顾（6.10-6.16）,2019-06-17 09:11
https://www.cnblogs.com/cmt/p/10995921.html,上周热点回顾（6.3-6.9）,2019-06-10 09:09
https://www.cnblogs.com/cmt/p/10965727.html,上周热点回顾（5.27-6.02）,2019-06-03 09:10
https://www.cnblogs.com/cmt/p/10928990.html,上周热点回顾（5.20-5.26）,2019-05-27 09:21
https://www.cnblogs.com/cmt/p/10892096.html,上周热点回顾（5.13-5.19）,2019-05-20 09:10
https://www.cnblogs.com/cmt/p/10868785.html,上周热点回顾（5.6-5.12）,2019-05-15 12:49
https://www.cnblogs.com/cmt/p/10816902.html,上周热点回顾（4.29-5.05）,2019-05-06 09:39
https://www.cnblogs.com/cmt/p/10787249.html,上周热点回顾（4.22-4.28）,2019-04-29 09:05
https://www.cnblogs.com/cmt/p/10747168.html,上周热点回顾（4.15-4.21）,2019-04-22 09:05
https://www.cnblogs.com/cmt/p/10709534.html,上周热点回顾（4.8-4.14）,2019-04-15 11:08
https://www.cnblogs.com/cmt/p/10668489.html,上周热点回顾（4.1-4.7）,2019-04-08 08:53
https://www.cnblogs.com/cmt/p/10634360.html,上周热点回顾（3.25-3.31）,2019-04-01 08:15
https://www.cnblogs.com/cmt/p/10591813.html,上周热点回顾（3.18-3.24）,2019-03-25 08:54
https://www.cnblogs.com/cmt/p/10550216.html,上周热点回顾（3.11-3.17）,2019-03-18 09:01
https://www.cnblogs.com/cmt/p/10508412.html,上周热点回顾（3.4-3.10）,2019-03-11 07:30
https://www.cnblogs.com/cmt/p/10468737.html,上周热点回顾（2.25-3.3）,2019-03-04 08:05
https://www.cnblogs.com/cmt/p/10429057.html,上周热点回顾（2.18-2.24）,2019-02-25 08:48
https://www.cnblogs.com/cmt/p/10393723.html,上周热点回顾（2.11-2.17）,2019-02-18 08:51
https://www.cnblogs.com/cmt/p/10360354.html,上周热点回顾（2.4-2.10）,2019-02-10 21:45
https://www.cnblogs.com/cmt/p/10328689.html,上周热点回顾（1.21-1.27）,2019-01-28 08:46
https://www.cnblogs.com/cmt/p/10296962.html,上周热点回顾（1.14-1.20）,2019-01-21 08:10
https://www.cnblogs.com/cmt/p/10265117.html,上周热点回顾（1.7-1.13）,2019-01-14 08:52
https://www.cnblogs.com/cmt/p/10231350.html,上周热点回顾（12.31-1.6）,2019-01-07 08:52
https://www.cnblogs.com/cmt/p/10203437.html,上周热点回顾（12.24-12.30）,2018-12-31 22:05
https://www.cnblogs.com/cmt/p/10166801.html,上周热点回顾（12.17-12.23）,2018-12-24 08:55
https://www.cnblogs.com/cmt/p/10129450.html,上周热点回顾（12.10-12.16）,2018-12-17 08:51
https://www.cnblogs.com/cmt/p/10094676.html,上周热点回顾（12.3-12.9）,2018-12-10 08:45
https://www.cnblogs.com/cmt/p/10056644.html,上周热点回顾（11.26-12.2）,2018-12-03 08:48
https://www.cnblogs.com/cmt/p/10018450.html,上周热点回顾（11.19-11.25）,2018-11-26 08:50
https://www.cnblogs.com/cmt/p/9981306.html,上周热点回顾（11.12-11.18）,2018-11-19 08:53
https://www.cnblogs.com/cmt/p/9944638.html,上周热点回顾（11.5-11.11）,2018-11-12 08:56
https://www.cnblogs.com/cmt/p/9907145.html,上周热点回顾（10.29-11.4）,2018-11-05 07:52
https://www.cnblogs.com/cmt/p/9868658.html,上周热点回顾（10.22-10.28）,2018-10-29 08:57
https://www.cnblogs.com/cmt/p/9828268.html,上周热点回顾（10.15-10.21）,2018-10-22 08:54
https://www.cnblogs.com/cmt/p/9789205.html,上周热点回顾（10.8-10.14）,2018-10-15 09:02
https://www.cnblogs.com/cmt/p/9752476.html,上周热点回顾（10.1-10.7）,2018-10-08 08:53
https://www.cnblogs.com/cmt/p/9734941.html,上周热点回顾（9.24-9.30）,2018-10-01 16:39
https://www.cnblogs.com/cmt/p/9697688.html,上周热点回顾（9.17-9.23）,2018-09-25 08:13
https://www.cnblogs.com/cmt/p/9660298.html,上周热点回顾（9.10-9.16）,2018-09-17 08:47
https://www.cnblogs.com/cmt/p/9617241.html,上周热点回顾（9.3-9.9）,2018-09-10 08:52
https://www.cnblogs.com/cmt/p/9576787.html,上周热点回顾（8.27-9.2）,2018-09-03 08:31
https://www.cnblogs.com/cmt/p/9540117.html,上周热点回顾（8.20-8.26）,2018-08-27 08:22
https://www.cnblogs.com/cmt/p/9503592.html,上周热点回顾（8.13-8.19）,2018-08-20 08:09
https://www.cnblogs.com/cmt/p/9466126.html,上周热点回顾（8.6-8.12）,2018-08-13 08:14
https://www.cnblogs.com/cmt/p/9428243.html,上周热点回顾（7.30-8.5）,2018-08-06 08:22
https://www.cnblogs.com/cmt/p/9388806.html,上周热点回顾（7.23-7.29）,2018-07-30 08:52
https://www.cnblogs.com/cmt/p/9352917.html,上周热点回顾（7.16-7.22）,2018-07-23 08:53
https://www.cnblogs.com/cmt/p/9315879.html,上周热点回顾（7.9-7.15）,2018-07-16 08:04
https://www.cnblogs.com/cmt/p/9282096.html,上周热点回顾（7.2-7.8）,2018-07-09 08:44
https://www.cnblogs.com/cmt/p/9252172.html,上周热点回顾（6.25-7.1）,2018-07-02 08:31
https://www.cnblogs.com/cmt/p/9196965.html,上周热点回顾（6.11-6.17）,2018-06-19 07:59
https://www.cnblogs.com/cmt/p/9165411.html,上周热点回顾（6.4-6.10）,2018-06-11 08:35
https://www.cnblogs.com/cmt/p/9131625.html,上周热点回顾（5.28-6.3）,2018-06-04 08:25
https://www.cnblogs.com/cmt/p/9098391.html,上周热点回顾（5.21-5.27）,2018-05-28 08:00
https://www.cnblogs.com/cmt/p/9065723.html,上周热点回顾（5.14-5.20）,2018-05-21 09:25
https://www.cnblogs.com/cmt/p/9034417.html,上周热点回顾（5.7-5.13）,2018-05-14 08:49
https://www.cnblogs.com/cmt/p/9000875.html,上周热点回顾（4.30-5.6）,2018-05-07 08:44
https://www.cnblogs.com/cmt/p/8975563.html,上周热点回顾（4.23-4.29）,2018-05-01 07:31
https://www.cnblogs.com/cmt/p/8915272.html,上周热点回顾（4.16-4.22）,2018-04-23 08:12
https://www.cnblogs.com/cmt/p/8853761.html,上周热点回顾（4.9-4.15）,2018-04-16 09:10
https://www.cnblogs.com/cmt/p/8757186.html,上周热点回顾（4.2-4.8）,2018-04-09 08:51
https://www.cnblogs.com/cmt/p/8689931.html,上周热点回顾（3.26-4.1）,2018-04-02 08:17
https://www.cnblogs.com/cmt/p/8648406.html,上周热点回顾（3.19-3.25）,2018-03-26 06:48
https://www.cnblogs.com/cmt/p/8598966.html,上周热点回顾（3.12-3.18）,2018-03-19 08:38
https://www.cnblogs.com/cmt/p/8547494.html,上周热点回顾（3.5-3.11）,2018-03-12 09:08
https://www.cnblogs.com/cmt/p/8507168.html,上周热点回顾（2.26-3.4）,2018-03-05 08:22
https://www.cnblogs.com/cmt/p/8471395.html,上周热点回顾（2.19-2.25）,2018-02-26 08:38
https://www.cnblogs.com/cmt/p/8453510.html,上周热点回顾（2.12-2.18）,2018-02-19 09:32
https://www.cnblogs.com/cmt/p/8443664.html,上周热点回顾（2.5-2.11）,2018-02-12 08:57
https://www.cnblogs.com/cmt/p/8416070.html,上周热点回顾（1.29-2.4）,2018-02-05 08:50
https://www.cnblogs.com/cmt/p/8375774.html,上周热点回顾（1.22-1.28）,2018-01-29 08:45
https://www.cnblogs.com/cmt/p/8327441.html,上周热点回顾（1.15-1.21）,2018-01-22 08:52
https://www.cnblogs.com/cmt/p/8286649.html,上周热点回顾（1.8-1.14）,2018-01-15 09:13
https://www.cnblogs.com/cmt/p/8241026.html,上周热点回顾（1.1-1.7）,2018-01-08 08:56
https://www.cnblogs.com/cmt/p/8175583.html,上周热点回顾（12.25-12.31）,2018-01-02 08:01
https://www.cnblogs.com/cmt/p/8107875.html,上周热点回顾（12.18-12.24）,2017-12-25 08:31
https://www.cnblogs.com/cmt/p/8056037.html,上周热点回顾（12.11-12.17）,2017-12-18 08:58
https://www.cnblogs.com/cmt/p/8021467.html,上周热点回顾（12.4-12.10）,2017-12-11 08:38
https://www.cnblogs.com/cmt/p/7975435.html,上周热点回顾（11.27-12.3）,2017-12-04 08:29
https://www.cnblogs.com/cmt/p/7902524.html,上周热点回顾（11.20-11.26）,2017-11-27 08:21
https://www.cnblogs.com/cmt/p/7864834.html,上周热点回顾（11.13-11.19）,2017-11-20 08:43
https://www.cnblogs.com/cmt/p/7824708.html,上周热点回顾（11.6-11.12）,2017-11-13 08:09
https://www.cnblogs.com/cmt/p/7791506.html,上周热点回顾（10.30-11.5）,2017-11-06 08:20
https://www.cnblogs.com/cmt/p/7752956.html,上周热点回顾（10.23-10.29）,2017-10-30 08:11
https://www.cnblogs.com/cmt/p/7714401.html,上周热点回顾（10.16-10.22）,2017-10-23 08:39
https://www.cnblogs.com/cmt/p/7675407.html,上周热点回顾（10.9-10.15）,2017-10-16 08:32
https://www.cnblogs.com/cmt/p/7639557.html,上周热点回顾（10.2-10.8）,2017-10-09 08:38
https://www.cnblogs.com/cmt/p/7618484.html,上周热点回顾（9.25-10.1）,2017-10-02 08:29
https://www.cnblogs.com/cmt/p/7590297.html,上周热点回顾（9.18-9.24）,2017-09-25 08:49
https://www.cnblogs.com/cmt/p/7541393.html,上周热点回顾（9.11-9.17）,2017-09-18 08:41
https://www.cnblogs.com/cmt/p/7503159.html,上周热点回顾（9.4-9.10）,2017-09-11 07:58
https://www.cnblogs.com/cmt/p/7472081.html,上周热点回顾（8.28-9.3）,2017-09-04 08:24
https://www.cnblogs.com/cmt/p/7442328.html,上周热点回顾（8.21-8.27）,2017-08-28 08:34
https://www.cnblogs.com/cmt/p/7402462.html,上周热点回顾（8.14-8.20）,2017-08-21 08:46
https://www.cnblogs.com/cmt/p/7355867.html,上周热点回顾（8.7-8.13）,2017-08-14 08:08
https://www.cnblogs.com/cmt/p/7297390.html,上周热点回顾（7.31-8.6）,2017-08-07 08:09
https://www.cnblogs.com/cmt/p/7261273.html,上周热点回顾（7.24-7.30）,2017-07-31 08:19
https://www.cnblogs.com/cmt/p/7226919.html,上周热点回顾（7.17-7.23）,2017-07-24 08:00
https://www.cnblogs.com/cmt/p/7192659.html,上周热点回顾（7.10-7.16）,2017-07-17 08:03
https://www.cnblogs.com/cmt/p/7144193.html,上周热点回顾（7.3-7.9）,2017-07-10 08:51
https://www.cnblogs.com/cmt/p/7109360.html,上周热点回顾（6.26-7.2）,2017-07-03 07:51
https://www.cnblogs.com/cmt/p/7078883.html,上周热点回顾（6.19-6.25）,2017-06-26 08:11
https://www.cnblogs.com/cmt/p/7047132.html,上周热点回顾（6.12-6.18）,2017-06-19 08:34
https://www.cnblogs.com/cmt/p/6991053.html,上周热点回顾（6.5-6.11）,2017-06-12 08:10
https://www.cnblogs.com/cmt/p/6943217.html,上周热点回顾（5.29-6.4）,2017-06-05 08:11
https://www.cnblogs.com/cmt/p/6917308.html,上周热点回顾（5.22-5.28）,2017-05-29 09:13
https://www.cnblogs.com/cmt/p/6887807.html,上周热点回顾（5.15-5.21）,2017-05-22 08:05
https://www.cnblogs.com/cmt/p/6854804.html,上周热点回顾（5.8-5.14）,2017-05-15 08:24
https://www.cnblogs.com/cmt/p/6823251.html,上周热点回顾（5.1-5.7）,2017-05-08 08:16
https://www.cnblogs.com/cmt/p/6791244.html,上周热点回顾（4.24-4.30）,2017-05-01 09:33
https://www.cnblogs.com/cmt/p/6755107.html,上周热点回顾（4.17-4.23）,2017-04-24 08:45
https://www.cnblogs.com/cmt/p/6721199.html,上周热点回顾（4.10-4.16）,2017-04-17 08:28
https://www.cnblogs.com/cmt/p/6687363.html,上周热点回顾（4.3-4.9）,2017-04-10 08:20
https://www.cnblogs.com/cmt/p/6661262.html,上周热点回顾（3.27-4.2）,2017-04-03 08:55
https://www.cnblogs.com/cmt/p/6625014.html,上周热点回顾（3.20-3.26）,2017-03-27 08:21
https://www.cnblogs.com/cmt/p/6585157.html,上周热点回顾（3.13-3.19）,2017-03-20 08:02
https://www.cnblogs.com/cmt/p/6540928.html,上周热点回顾（3.6-3.12）,2017-03-13 08:12
https://www.cnblogs.com/cmt/p/6508146.html,上周热点回顾（2.27-3.5）,2017-03-06 08:09
https://www.cnblogs.com/cmt/p/6418055.html,上周热点回顾（2.13-2.19）,2017-02-20 08:11
https://www.cnblogs.com/cmt/p/6392380.html,上周热点回顾（2.6-2.12）,2017-02-13 08:23
https://www.cnblogs.com/cmt/p/6369033.html,上周热点回顾（1.30-2.5）,2017-02-06 08:27
https://www.cnblogs.com/cmt/p/6357899.html,上周热点回顾（1.23-1.29）,2017-01-30 08:02
https://www.cnblogs.com/cmt/p/6343233.html,上周热点回顾（1.16-1.22）,2017-01-23 08:25
https://www.cnblogs.com/cmt/p/6288385.html,上周热点回顾（1.9-1.15）,2017-01-16 08:06
https://www.cnblogs.com/cmt/p/6263938.html,上周热点回顾（1.2-1.8）,2017-01-09 08:45
https://www.cnblogs.com/cmt/p/6242075.html,上周热点回顾（12.26-1.1）,2017-01-02 10:17
https://www.cnblogs.com/cmt/p/6221156.html,上周热点回顾（12.19-12.25）,2016-12-26 08:01
https://www.cnblogs.com/cmt/p/6163156.html,上周热点回顾（12.5-12.11）,2016-12-12 08:36
https://www.cnblogs.com/cmt/p/6132638.html,上周热点回顾（11.28-12.4）,2016-12-05 08:50
https://www.cnblogs.com/cmt/p/6108154.html,上周热点回顾（11.21-11.27）,2016-11-28 08:20
https://www.cnblogs.com/cmt/p/6084210.html,上周热点回顾（11.14-11.20）,2016-11-21 08:32
https://www.cnblogs.com/cmt/p/6060613.html,上周热点回顾（11.7-11.13）,2016-11-14 08:37
https://www.cnblogs.com/cmt/p/6037423.html,上周热点回顾（10.31-11.6）,2016-11-07 08:43
https://www.cnblogs.com/cmt/p/6014661.html,上周热点回顾（10.24-10.30）,2016-10-31 08:42
https://www.cnblogs.com/cmt/p/5991694.html,上周热点回顾（10.17-10.23）,2016-10-24 08:08
https://www.cnblogs.com/cmt/p/5968411.html,上周热点回顾（10.10-10.16）,2016-10-17 07:35
https://www.cnblogs.com/cmt/p/5928739.html,上周热点回顾（9.26-10.2）,2016-10-03 08:57
https://www.cnblogs.com/cmt/p/5907855.html,上周热点回顾（9.19-9.25）,2016-09-26 08:33
https://www.cnblogs.com/cmt/p/5883833.html,上周热点回顾（9.12-9.18）,2016-09-19 08:55
https://www.cnblogs.com/cmt/p/5863470.html,上周热点回顾（9.5-9.11）,2016-09-12 08:19
https://www.cnblogs.com/cmt/p/5841064.html,上周热点回顾（8.29-9.4）,2016-09-05 08:53
https://www.cnblogs.com/cmt/p/5816551.html,上周热点回顾（8.22-8.28）,2016-08-29 07:20
https://www.cnblogs.com/cmt/p/5794325.html,上周热点回顾（8.15-8.21）,2016-08-22 08:59
https://www.cnblogs.com/cmt/p/5771582.html,上周热点回顾（8.8-8.14）,2016-08-15 08:17
https://www.cnblogs.com/cmt/p/5747944.html,上周热点回顾（8.1-8.7）,2016-08-08 08:27
https://www.cnblogs.com/cmt/p/5724517.html,上周热点回顾（7.25-7.31）,2016-08-01 07:43
https://www.cnblogs.com/cmt/p/5702228.html,上周热点回顾（7.18-7.24）,2016-07-25 08:17
https://www.cnblogs.com/cmt/p/5679994.html,上周热点回顾（7.11-7.17）,2016-07-18 08:48
https://www.cnblogs.com/cmt/p/5659114.html,上周热点回顾（7.4-7.10）,2016-07-11 08:13
https://www.cnblogs.com/cmt/p/5639345.html,上周热点回顾（6.27-7.3）,2016-07-04 07:24
https://www.cnblogs.com/cmt/p/5619099.html,上周热点回顾（6.20-6.26）,2016-06-27 08:18
https://www.cnblogs.com/cmt/p/5599476.html,上周热点回顾（6.13-6.19）,2016-06-20 08:06
https://www.cnblogs.com/cmt/p/5579666.html,上周热点回顾（6.6-6.12）,2016-06-13 10:07
https://www.cnblogs.com/cmt/p/5562652.html,上周热点回顾（5.30-6.5）,2016-06-06 08:35
https://www.cnblogs.com/cmt/p/5518624.html,上周热点回顾（5.16-5.22）,2016-05-23 07:57
https://www.cnblogs.com/cmt/p/5496831.html,上周热点回顾（5.9-5.15）,2016-05-16 06:52
https://www.cnblogs.com/cmt/p/5472499.html,上周热点回顾（5.2-5.8）,2016-05-09 06:46
https://www.cnblogs.com/cmt/p/5451920.html,上周热点回顾（4.25-5.1）,2016-05-02 09:45
https://www.cnblogs.com/cmt/p/5429228.html,上周热点回顾（4.18-4.24）,2016-04-25 06:55
https://www.cnblogs.com/cmt/p/5403114.html,上周热点回顾（4.11-4.17）,2016-04-18 08:35
https://www.cnblogs.com/cmt/p/5376963.html,上周热点回顾（4.4-4.10）,2016-04-11 08:25
https://www.cnblogs.com/cmt/p/5351373.html,上周热点回顾（3.28-4.3）,2016-04-04 09:00
https://www.cnblogs.com/cmt/p/5327688.html,上周热点回顾（3.21-3.27）,2016-03-28 08:37
https://www.cnblogs.com/cmt/p/5300489.html,上周热点回顾（3.14-3.20）,2016-03-21 08:05
https://www.cnblogs.com/cmt/p/5274471.html,上周热点回顾（3.7-3.13）,2016-03-14 08:04
https://www.cnblogs.com/cmt/p/5249330.html,上周热点回顾（2.29-3.6）,2016-03-07 08:26
https://www.cnblogs.com/cmt/p/5226246.html,上周热点回顾（2.22-2.28）,2016-02-29 07:02
https://www.cnblogs.com/cmt/p/5189881.html,上周热点回顾（2.8-2.14）,2016-02-15 08:26
https://www.cnblogs.com/cmt/p/5184899.html,上周热点回顾（2.1-2.7）,2016-02-08 08:54
https://www.cnblogs.com/cmt/p/5174389.html,上周热点回顾（1.25-1.31）,2016-02-01 08:42
https://www.cnblogs.com/cmt/p/5156509.html,上周热点回顾（1.18-1.24）,2016-01-25 08:12
https://www.cnblogs.com/cmt/p/5138252.html,上周热点回顾（1.11-1.17）,2016-01-18 08:28
https://www.cnblogs.com/cmt/p/5120118.html,上周热点回顾（1.4-1.10）,2016-01-11 08:39
https://www.cnblogs.com/cmt/p/5097739.html,上周热点回顾（12.28-1.3）,2016-01-04 08:17
https://www.cnblogs.com/cmt/p/5044063.html,上周热点回顾（12.7-12.13）,2015-12-14 08:10
https://www.cnblogs.com/cmt/p/5025018.html,上周热点回顾（11.30-12.6）,2015-12-07 08:09
https://www.cnblogs.com/cmt/p/5006214.html,上周热点回顾（11.23-11.29）,2015-11-30 08:19
https://www.cnblogs.com/cmt/p/4987359.html,上周热点回顾（11.16-11.22）,2015-11-23 08:32
https://www.cnblogs.com/cmt/p/4931538.html,上周热点回顾（10.26-11.1）,2015-11-02 21:54
https://www.cnblogs.com/cmt/p/4910209.html,上周热点回顾（10.19-10.25）,2015-10-26 08:41
https://www.cnblogs.com/cmt/p/4890869.html,上周热点回顾（10.12-10.18）,2015-10-19 08:27
https://www.cnblogs.com/cmt/p/4870617.html,上周热点回顾（10.5-10.11）,2015-10-12 08:18
https://www.cnblogs.com/cmt/p/4855370.html,上周热点回顾（9.28-10.4）,2015-10-05 09:48
https://www.cnblogs.com/cmt/p/4825141.html,上周热点回顾（9.14-9.20）,2015-09-21 08:05
https://www.cnblogs.com/cmt/p/4806185.html,上周热点回顾（9.7-9.13）,2015-09-14 08:28
https://www.cnblogs.com/cmt/p/4787873.html,上周热点回顾（8.31-9.6）,2015-09-07 08:31
https://www.cnblogs.com/cmt/p/4772177.html,上周热点回顾（8.24-8.30）,2015-08-31 08:42
https://www.cnblogs.com/cmt/p/4753763.html,上周热点回顾（8.17-8.23）,2015-08-24 07:55
https://www.cnblogs.com/cmt/p/4735554.html,上周热点回顾（8.10-8.16）,2015-08-17 07:37
https://www.cnblogs.com/cmt/p/4716975.html,上周热点回顾（8.3-8.9）,2015-08-10 08:33
https://www.cnblogs.com/cmt/p/4697902.html,上周热点回顾（7.27-8.2）,2015-08-03 08:37
https://www.cnblogs.com/cmt/p/4679157.html,上周热点回顾（7.20-7.26）,2015-07-27 07:56
https://www.cnblogs.com/cmt/p/4660705.html,上周热点回顾（7.13-7.19）,2015-07-20 10:25
https://www.cnblogs.com/cmt/p/4641988.html,上周热点回顾（7.6-7.12）,2015-07-13 07:52
https://www.cnblogs.com/cmt/p/4623418.html,上周热点回顾（6.29-7.5）,2015-07-06 08:09
https://www.cnblogs.com/cmt/p/4606645.html,上周热点回顾（6.22-6.28）,2015-06-29 08:04
https://www.cnblogs.com/cmt/p/4592879.html,上周热点回顾（6.15-6.21）,2015-06-22 08:38
https://www.cnblogs.com/cmt/p/4576256.html,上周热点回顾（6.8-6.14）,2015-06-15 08:16
https://www.cnblogs.com/cmt/p/4560043.html,上周热点回顾（6.1-6.7）,2015-06-08 07:32
https://www.cnblogs.com/cmt/p/4543223.html,上周热点回顾（5.25-5.31）,2015-06-01 09:23
https://www.cnblogs.com/cmt/p/4527000.html,上周热点回顾（5.18-5.24）,2015-05-25 07:39
https://www.cnblogs.com/cmt/p/4511041.html,上周热点回顾（5.11-5.17）,2015-05-18 08:42
https://www.cnblogs.com/cmt/p/4493558.html,上周热点回顾（5.4-5.10）,2015-05-11 07:57
https://www.cnblogs.com/cmt/p/4475320.html,上周热点回顾（4.27-5.3）,2015-05-04 08:31
https://www.cnblogs.com/cmt/p/4458903.html,上周热点回顾（4.20-4.26）,2015-04-27 07:57
https://www.cnblogs.com/cmt/p/4440608.html,上周热点回顾（4.13-4.19）,2015-04-20 08:50
https://www.cnblogs.com/cmt/p/4377180.html,上周热点回顾（3.23-3.29）,2015-03-30 09:37
https://www.cnblogs.com/cmt/p/4358852.html,上周热点回顾（3.16-3.22）,2015-03-23 08:35
https://www.cnblogs.com/cmt/p/4307917.html,上周热点回顾（2.23-3.1）,2015-03-02 08:48
https://www.cnblogs.com/cmt/p/4298484.html,上周热点回顾（2.16-2.22）,2015-02-24 09:55
https://www.cnblogs.com/cmt/p/4280806.html,上周热点回顾（2.2-2.8）,2015-02-09 08:45
https://www.cnblogs.com/cmt/p/4266753.html,上周热点回顾（1.26-2.1）,2015-02-02 08:48
https://www.cnblogs.com/cmt/p/4249364.html,上周热点回顾（1.19-1.25）,2015-01-26 08:36
https://www.cnblogs.com/cmt/p/4217709.html,上周热点回顾（1.5-1.11）,2015-01-12 09:21
https://www.cnblogs.com/cmt/p/4203104.html,上周热点回顾（12.29-1.4）,2015-01-05 11:20
https://www.cnblogs.com/cmt/p/4190974.html,上周热点回顾（12.22-12.28）,2014-12-29 08:44
https://www.cnblogs.com/cmt/p/4177426.html,上周热点回顾（12.15-12.21）,2014-12-22 08:34
https://www.cnblogs.com/cmt/p/4150322.html,上周热点回顾（12.1-12.7）,2014-12-08 08:40
https://www.cnblogs.com/cmt/p/4134231.html,上周热点回顾（11.24-11.30）,2014-12-01 08:36
https://www.cnblogs.com/cmt/p/4117901.html,上周热点回顾（11.17-11.23）,2014-11-24 08:38
https://www.cnblogs.com/cmt/p/4102828.html,上周热点回顾（11.10-11.16）,2014-11-17 08:42
https://www.cnblogs.com/cmt/p/4086318.html,上周热点回顾（11.3-11.9）,2014-11-10 08:23
https://www.cnblogs.com/cmt/p/4070380.html,上周热点回顾（10.27-11.2）,2014-11-03 08:26
https://www.cnblogs.com/cmt/p/4053407.html,上周热点回顾（10.20-10.26）,2014-10-27 08:43
https://www.cnblogs.com/cmt/p/4021419.html,上周热点回顾（10.6-10.12）,2014-10-13 08:25
https://www.cnblogs.com/cmt/p/4007907.html,上周热点回顾（9.29-10.5）,2014-10-06 08:33
https://www.cnblogs.com/cmt/p/3999724.html,上周热点回顾（9.22-9.28）,2014-09-29 10:50
https://www.cnblogs.com/cmt/p/3985365.html,上周热点回顾（9.15-9.21）,2014-09-22 08:35
https://www.cnblogs.com/cmt/p/3972122.html,上周热点回顾（9.8-9.14）,2014-09-15 08:25
https://www.cnblogs.com/cmt/p/3961826.html,上周热点回顾（9.1-9.7）,2014-09-08 22:31
https://www.cnblogs.com/cmt/p/3948509.html,上周热点回顾（8.25-8.31）,2014-09-01 07:41
https://www.cnblogs.com/cmt/p/3934254.html,上周热点回顾（8.18-8.24）,2014-08-25 09:24
https://www.cnblogs.com/cmt/p/3918770.html,上周热点回顾（8.11-8.17）,2014-08-18 09:28
https://www.cnblogs.com/cmt/p/3903931.html,上周热点回顾（8.4-8.10）,2014-08-11 08:17
https://www.cnblogs.com/cmt/p/3889280.html,上周热点回顾（7.28-8.3）,2014-08-04 08:26
https://www.cnblogs.com/cmt/p/3872373.html,上周热点回顾（7.21-7.27）,2014-07-28 08:35
https://www.cnblogs.com/cmt/p/3857692.html,上周热点回顾（7.14-7.20）,2014-07-21 08:13
https://www.cnblogs.com/cmt/p/3842014.html,上周热点回顾（7.7-7.13）,2014-07-14 08:04
https://www.cnblogs.com/cmt/p/3828997.html,上周热点回顾（6.30-7.6）,2014-07-07 08:22
https://www.cnblogs.com/cmt/p/3815959.html,上周热点回顾（6.23-6.29）,2014-06-30 08:27
https://www.cnblogs.com/cmt/p/3803390.html,上周热点回顾（6.16-6.22）,2014-06-23 08:48
https://www.cnblogs.com/cmt/p/3790297.html,上周热点回顾（6.9-6.15）,2014-06-16 08:48
https://www.cnblogs.com/cmt/p/3777160.html,上周热点回顾（6.2-6.8）,2014-06-09 08:08
https://www.cnblogs.com/cmt/p/3751984.html,上周热点回顾（5.19-5.25）,2014-05-26 08:38
https://www.cnblogs.com/cmt/p/3736101.html,上周热点回顾（5.12-5.18）,2014-05-19 08:44
https://www.cnblogs.com/cmt/p/3708402.html,上周热点回顾（4.28-5.4）,2014-05-05 08:42
https://www.cnblogs.com/cmt/p/3695627.html,上周热点回顾（4.21-4.27）,2014-04-28 09:01
https://www.cnblogs.com/cmt/p/3677745.html,上周热点回顾（4.14-4.20）,2014-04-21 09:08
https://www.cnblogs.com/cmt/p/3663225.html,上周热点回顾（4.7-4.13）,2014-04-14 08:51
https://www.cnblogs.com/cmt/p/3649725.html,上周热点回顾（3.31-4.6）,2014-04-07 08:50
https://www.cnblogs.com/cmt/p/3634999.html,上周热点回顾（3.24-3.30）,2014-03-31 08:04
https://www.cnblogs.com/cmt/p/3620087.html,上周热点回顾（3.17-3.23）,2014-03-24 08:17
https://www.cnblogs.com/cmt/p/3604402.html,上周热点回顾（3.10-3.16）,2014-03-17 08:04
https://www.cnblogs.com/cmt/p/3591049.html,上周热点回顾（3.3-3.9）,2014-03-10 08:45
https://www.cnblogs.com/cmt/p/3577700.html,上周热点回顾（2.24-3.2）,2014-03-03 09:03
https://www.cnblogs.com/cmt/p/3564028.html,上周热点回顾（2.17-2.23）,2014-02-24 08:45
https://www.cnblogs.com/cmt/p/3552084.html,上周热点回顾（2.10-2.16）,2014-02-17 07:57
https://www.cnblogs.com/cmt/p/3542275.html,上周热点回顾（2.3-2.9）,2014-02-10 09:16
https://www.cnblogs.com/cmt/p/3537470.html,上周热点回顾（1.27-2.2）,2014-02-03 08:55
https://www.cnblogs.com/cmt/p/3534564.html,上周热点回顾（1.20-1.26）,2014-01-27 08:49
https://www.cnblogs.com/cmt/p/3526424.html,上周热点回顾（1.13-1.19）,2014-01-20 08:14
https://www.cnblogs.com/cmt/p/3516852.html,上周热点回顾（1.6-1.12）,2014-01-13 07:55
https://www.cnblogs.com/cmt/p/3506570.html,上周热点回顾（12.30-1.5）,2014-01-06 08:42
https://www.cnblogs.com/cmt/p/3497070.html,上周热点回顾（12.23-12.29）,2013-12-30 07:59
https://www.cnblogs.com/cmt/p/3486850.html,上周热点回顾（12.16-12.22）,2013-12-23 08:52
https://www.cnblogs.com/cmt/p/3476018.html,上周热点回顾（12.9-12.15）,2013-12-16 03:58
https://www.cnblogs.com/cmt/p/3464632.html,上周热点回顾（12.2-12.8）,2013-12-09 08:58
https://www.cnblogs.com/cmt/p/3453283.html,上周热点回顾（11.25-12.1）,2013-12-02 08:05
https://www.cnblogs.com/cmt/p/3440879.html,上周热点回顾（11.18-11.24）,2013-11-25 09:10
https://www.cnblogs.com/cmt/p/3428675.html,上周热点回顾（11.11-11.17）,2013-11-18 07:46
https://www.cnblogs.com/cmt/p/3417404.html,上周热点回顾（11.4-11.10）,2013-11-11 09:02
https://www.cnblogs.com/cmt/p/3405801.html,上周热点回顾（10.28-11.3）,2013-11-04 08:22
https://www.cnblogs.com/cmt/p/3391690.html,上周热点回顾（10.21-10.27）,2013-10-28 08:19
https://www.cnblogs.com/cmt/p/3379864.html,上周热点回顾（10.14-10.20）,2013-10-21 07:42
https://www.cnblogs.com/cmt/p/3367550.html,上周热点回顾（10.7-10.13）,2013-10-14 08:40
https://www.cnblogs.com/cmt/p/3354948.html,上周热点回顾（9.30-10.6）,2013-10-07 08:42
https://www.cnblogs.com/cmt/p/3346605.html,上周热点回顾（9.23-9.29）,2013-09-30 08:19
https://www.cnblogs.com/cmt/p/3323563.html,上周热点回顾（9.9-9.15）,2013-09-16 07:57
https://www.cnblogs.com/cmt/p/3309103.html,上周热点回顾（9.2-9.8）,2013-09-09 07:12
https://www.cnblogs.com/cmt/p/3295830.html,上周热点回顾（8.26-9.1）,2013-09-02 07:11
https://www.cnblogs.com/cmt/p/3281820.html,上周热点回顾（8.19-8.25）,2013-08-26 08:12
https://www.cnblogs.com/cmt/p/3267109.html,上周热点回顾（8.12-8.18）,2013-08-19 08:18
https://www.cnblogs.com/cmt/p/3252242.html,上周热点回顾（8.5-8.11）,2013-08-12 09:00
https://www.cnblogs.com/cmt/p/3237437.html,上周热点回顾（7.29-8.4）,2013-08-05 08:33
https://www.cnblogs.com/cmt/p/3222155.html,上周热点回顾（7.22-7.28）,2013-07-29 08:03
https://www.cnblogs.com/cmt/p/3204616.html,上周热点回顾（7.15-7.21）,2013-07-22 07:25
https://www.cnblogs.com/cmt/p/3190482.html,上周热点回顾（7.8-7.14）,2013-07-15 08:34
https://www.cnblogs.com/cmt/p/3177122.html,上周热点回顾（7.1-7.7）,2013-07-08 08:48
https://www.cnblogs.com/cmt/p/3164278.html,上周热点回顾（6.24-6.30）,2013-07-01 08:36
https://www.cnblogs.com/cmt/p/3151862.html,上周热点回顾（6.17-6.23）,2013-06-24 08:12
https://www.cnblogs.com/cmt/p/3139618.html,上周热点回顾（6.10-6.16）,2013-06-17 07:02
https://www.cnblogs.com/cmt/archive/2013/06/10/3130489.html,上周热点回顾（6.3-6.9）,2013-06-10 09:01
https://www.cnblogs.com/cmt/archive/2013/06/03/3114618.html,上周热点回顾（5.27-6.2）,2013-06-03 05:02
https://www.cnblogs.com/cmt/archive/2013/05/27/3100919.html,上周热点回顾（5.20-5.26）,2013-05-27 08:15
https://www.cnblogs.com/cmt/archive/2013/05/20/3087962.html,上周热点回顾（5.13-5.19）,2013-05-20 07:25
https://www.cnblogs.com/cmt/archive/2013/05/13/3075023.html,上周热点回顾（5.6-5.12）,2013-05-13 08:39
https://www.cnblogs.com/cmt/archive/2013/05/06/3062051.html,上周热点回顾（4.29-5.5）,2013-05-06 08:42
https://www.cnblogs.com/cmt/archive/2013/04/29/3050309.html,上周热点回顾（4.22-4.28）,2013-04-29 08:38
https://www.cnblogs.com/cmt/archive/2013/04/22/3034848.html,上周热点回顾（4.15-4.21）,2013-04-22 07:28
https://www.cnblogs.com/cmt/archive/2013/04/15/3021395.html,上周热点回顾（4.8-4.14）,2013-04-15 07:53
https://www.cnblogs.com/cmt/archive/2013/04/08/3006619.html,上周热点回顾（4.1-4.7）,2013-04-08 08:14
https://www.cnblogs.com/cmt/archive/2013/04/01/2992686.html,上周热点回顾（3.25-3.31）,2013-04-01 08:09
https://www.cnblogs.com/cmt/archive/2013/03/25/2980047.html,上周热点回顾（3.18-3.24）,2013-03-25 07:33
https://www.cnblogs.com/cmt/archive/2013/03/18/2965352.html,上周热点回顾（3.11-3.17）,2013-03-18 08:13
https://www.cnblogs.com/cmt/archive/2013/03/11/2953391.html,上周热点回顾（3.4-3.10）,2013-03-11 08:10
https://www.cnblogs.com/cmt/archive/2013/03/04/2942226.html,上周热点回顾（2.25-3.3）,2013-03-04 08:41
https://www.cnblogs.com/cmt/archive/2013/02/25/2931499.html,上周热点回顾（2.18-2.24）,2013-02-25 07:50
https://www.cnblogs.com/cmt/archive/2013/02/18/2915114.html,上周热点回顾（2.11-2.17）,2013-02-18 07:34
https://www.cnblogs.com/cmt/archive/2013/02/11/2910142.html,上周热点回顾（2.4-2.10）,2013-02-11 22:22
https://www.cnblogs.com/cmt/archive/2013/02/04/2891321.html,上周热点回顾（1.28-2.3）,2013-02-04 09:17
https://www.cnblogs.com/cmt/archive/2013/01/28/2879381.html,上周热点回顾（1.21-1.27）,2013-01-28 08:42
https://www.cnblogs.com/cmt/archive/2013/01/21/2869161.html,上周热点回顾（1.14-1.20）,2013-01-21 08:19
https://www.cnblogs.com/cmt/archive/2013/01/14/2859131.html,上周热点回顾（1.7-1.13）,2013-01-14 07:48
https://www.cnblogs.com/cmt/archive/2013/01/07/2848570.html,上周热点回顾（12.31-1.6）,2013-01-07 09:09
https://www.cnblogs.com/cmt/archive/2012/12/31/2840320.html,上周热点回顾（12.24-12.30）,2012-12-31 10:29
https://www.cnblogs.com/cmt/archive/2012/12/24/2830495.html,上周热点回顾（12.17-12.23）,2012-12-24 08:16
https://www.cnblogs.com/cmt/archive/2012/12/17/2821194.html,上周热点回顾（12.10-12.16）,2012-12-17 08:52
https://www.cnblogs.com/cmt/archive/2012/12/10/2810723.html,上周热点回顾（12.3-12.9）,2012-12-10 08:10
https://www.cnblogs.com/cmt/archive/2012/11/26/2788475.html,上周热点回顾（11.19-11.25）,2012-11-26 08:02
https://www.cnblogs.com/cmt/archive/2012/11/19/2776664.html,上周热点回顾（11.12-11.18）,2012-11-19 07:25
https://www.cnblogs.com/cmt/archive/2012/11/12/2765728.html,上周热点回顾（11.5-11.11）,2012-11-12 07:46
https://www.cnblogs.com/cmt/archive/2012/10/29/2744182.html,上周热点回顾（10.22-10.28）,2012-10-29 07:56
https://www.cnblogs.com/cmt/archive/2012/10/22/2733284.html,上周热点回顾（10.15-10.21）,2012-10-22 08:12
https://www.cnblogs.com/cmt/archive/2012/10/15/2723717.html,上周热点回顾（10.8-10.14）,2012-10-15 07:58
https://www.cnblogs.com/cmt/archive/2012/10/07/2713572.html,上周热点回顾（10.1-10.7）,2012-10-07 09:56
https://www.cnblogs.com/cmt/archive/2012/10/06/2713360.html,上周热点回顾（9.24-9.30）,2012-10-06 21:39
https://www.cnblogs.com/cmt/archive/2012/09/24/2699484.html,上周热点回顾（9.17-9.23）,2012-09-24 08:03
https://www.cnblogs.com/cmt/archive/2012/09/17/2688162.html,上周热点回顾（9.10-9.16）,2012-09-17 08:25
https://www.cnblogs.com/cmt/archive/2012/09/10/2678192.html,上周热点回顾（9.3-9.9）,2012-09-10 08:25
https://www.cnblogs.com/cmt/archive/2012/09/03/2668181.html,上周热点回顾（8.27-9.2）,2012-09-03 07:50
https://www.cnblogs.com/cmt/archive/2012/08/27/2657938.html,上周热点回顾（8.20-8.26）,2012-08-27 08:05
https://www.cnblogs.com/cmt/archive/2012/08/20/2646986.html,上周热点回顾（8.13-8.19）,2012-08-20 08:13
https://www.cnblogs.com/cmt/archive/2012/08/13/2635675.html,上周热点回顾（8.6-8.12）,2012-08-13 07:49
https://www.cnblogs.com/cmt/archive/2012/08/06/2624509.html,上周热点回顾（7.30-8.5）,2012-08-06 01:34
https://www.cnblogs.com/cmt/archive/2012/07/30/2614509.html,上周热点回顾（7.23-7.29）,2012-07-30 08:10
https://www.cnblogs.com/cmt/archive/2012/07/23/2604325.html,上周热点回顾（7.16-7.22）,2012-07-23 07:54
https://www.cnblogs.com/cmt/archive/2012/07/16/2592933.html,上周热点回顾（7.9-7.15）,2012-07-16 06:56
https://www.cnblogs.com/cmt/archive/2012/07/09/2582085.html,上周热点回顾（7.2-7.8）,2012-07-09 07:30
https://www.cnblogs.com/cmt/archive/2012/07/02/2572457.html,上周热点回顾（6.25-7.1）,2012-07-02 07:48
https://www.cnblogs.com/cmt/archive/2012/06/18/2553083.html,上周热点回顾（6.11-6.17）,2012-06-18 08:34
https://www.cnblogs.com/cmt/archive/2012/06/11/2544656.html,上周热点回顾（6.4-6.10）,2012-06-11 10:25
https://www.cnblogs.com/cmt/archive/2012/06/04/2533525.html,上周热点回顾（5.28-6.3）,2012-06-04 01:24
https://www.cnblogs.com/cmt/archive/2012/05/28/2520748.html,上周热点回顾（5.21-5.27）,2012-05-28 08:09
https://www.cnblogs.com/cmt/archive/2012/05/21/2511091.html,上周热点回顾（5.14-5.20）,2012-05-21 08:26
https://www.cnblogs.com/cmt/archive/2012/05/14/2498825.html,上周热点回顾（5.7-5.13）,2012-05-14 08:38
https://www.cnblogs.com/cmt/archive/2012/05/07/2486852.html,上周热点回顾（4.30-5.6）,2012-05-07 08:42
https://www.cnblogs.com/cmt/archive/2012/04/30/2476947.html,上周热点回顾（4.23-4.29）,2012-04-30 15:32
https://www.cnblogs.com/cmt/archive/2012/04/23/2465900.html,上周热点回顾（4.16-4.22）,2012-04-23 07:46
https://www.cnblogs.com/cmt/archive/2012/04/16/2451140.html,上周热点回顾（4.9-4.15）,2012-04-16 08:24
https://www.cnblogs.com/cmt/archive/2012/04/09/2438361.html,上周热点回顾（4.2-4.8）,2012-04-09 07:52
https://www.cnblogs.com/cmt/archive/2012/04/02/2429566.html,上周热点回顾（3.26-4.1）,2012-04-02 07:55
https://www.cnblogs.com/cmt/archive/2012/03/19/2405458.html,上周热点回顾（3.12-3.18）,2012-03-19 08:21
https://www.cnblogs.com/cmt/archive/2012/03/12/2391252.html,上周热点回顾（3.5-3.11）,2012-03-12 08:33
https://www.cnblogs.com/cmt/archive/2012/03/05/2379861.html,上周热点回顾（2.27-3.4）,2012-03-05 08:14
https://www.cnblogs.com/cmt/archive/2012/02/27/2369323.html,上周热点回顾（2.20-2.26）,2012-02-27 08:32
https://www.cnblogs.com/cmt/archive/2012/02/13/2348605.html,上周热点回顾（2.6-2.12）,2012-02-13 08:26
https://www.cnblogs.com/cmt/archive/2012/02/06/2339499.html,上周热点回顾（1.30-2.5）,2012-02-06 08:18
https://www.cnblogs.com/cmt/archive/2012/01/09/2316786.html,上周热点回顾（1.2-1.8）,2012-01-09 09:18
https://www.cnblogs.com/cmt/archive/2012/01/03/2310795.html,上周热点回顾（12.26-1.1）,2012-01-03 08:30
https://www.cnblogs.com/cmt/archive/2011/12/26/2301499.html,上周热点回顾（12.19-12.25）,2011-12-26 08:16
https://www.cnblogs.com/cmt/archive/2011/12/19/2292879.html,上周热点回顾（12.12-12.18）,2011-12-19 07:51
https://www.cnblogs.com/cmt/archive/2011/12/12/2284373.html,上周热点回顾（12.5-12.11）,2011-12-12 08:04
https://www.cnblogs.com/cmt/archive/2011/12/05/2276330.html,上周热点回顾（11.28-12.4）,2011-12-05 08:17
https://www.cnblogs.com/cmt/archive/2011/11/28/2265724.html,上周热点回顾（11.21-11.27）,2011-11-28 07:48
https://www.cnblogs.com/cmt/archive/2011/11/21/2256672.html,上周热点回顾（11.14-11.20）,2011-11-21 08:01
https://www.cnblogs.com/cmt/archive/2011/11/14/2247758.html,上周热点回顾（11.7-11.13）,2011-11-14 08:11
https://www.cnblogs.com/cmt/archive/2011/11/07/2238775.html,上周热点回顾（10.31-11.6）,2011-11-07 08:04
https://www.cnblogs.com/cmt/archive/2011/10/31/2229744.html,上周热点回顾（10.24-10.30）,2011-10-31 07:29
https://www.cnblogs.com/cmt/archive/2011/10/24/2222223.html,上周热点回顾（10.17-10.23）,2011-10-24 08:25
https://www.cnblogs.com/cmt/archive/2011/10/17/2215062.html,上周热点回顾（10.10-10.16）,2011-10-17 10:00
https://www.cnblogs.com/cmt/archive/2011/10/10/2204988.html,上周热点回顾（10.3-10.9）,2011-10-10 08:22
https://www.cnblogs.com/cmt/archive/2011/10/03/2198418.html,上周热点回顾（9.26-10.2）,2011-10-03 10:01
https://www.cnblogs.com/cmt/archive/2011/09/26/2190745.html,上周热点回顾（9.19-9.25）,2011-09-26 08:06
https://www.cnblogs.com/cmt/archive/2011/09/12/2173941.html,上周热点回顾（9.5-9.11）,2011-09-12 10:22
https://www.cnblogs.com/cmt/archive/2011/09/05/2166969.html,上周热点回顾（8.29-9.4）,2011-09-05 07:43
https://www.cnblogs.com/cmt/archive/2011/08/29/2157228.html,上周热点回顾（8.22-8.28）,2011-08-29 07:47
https://www.cnblogs.com/cmt/archive/2011/08/22/2148906.html,上周热点回顾（8.15-8.21）,2011-08-22 09:51
https://www.cnblogs.com/cmt/archive/2011/08/15/2138723.html,上周热点回顾（8.8-8.14）,2011-08-15 09:58
https://www.cnblogs.com/cmt/archive/2011/08/08/2130520.html,上周热点回顾（8.1-8.7）,2011-08-08 08:46
https://www.cnblogs.com/cmt/archive/2011/08/01/2123584.html,上周热点回顾（7.25-7.31）,2011-08-01 11:23
https://www.cnblogs.com/cmt/archive/2011/07/25/2115818.html,上周热点回顾（7.18-7.24）,2011-07-25 09:13
https://www.cnblogs.com/cmt/archive/2011/07/18/2109110.html,上周热点回顾（7.11-7.17）,2011-07-18 09:03
https://www.cnblogs.com/cmt/archive/2011/07/11/2102723.html,上周热点回顾（7.4-7.10）,2011-07-11 09:13
https://www.cnblogs.com/cmt/archive/2011/07/04/2097036.html,上周热点回顾（6.27-7.3）,2011-07-04 08:01
https://www.cnblogs.com/cmt/archive/2011/06/27/2091068.html,上周热点回顾（6.20-6.26）,2011-06-27 08:54
https://www.cnblogs.com/cmt/archive/2011/06/20/2084935.html,上周热点回顾（6.13-6.19）,2011-06-20 08:25
https://www.cnblogs.com/cmt/archive/2011/06/13/2079330.html,上周热点回顾（6.6-6.12）,2011-06-13 08:03
https://www.cnblogs.com/cmt/archive/2011/05/30/2062958.html,上周热点回顾（5.23-5.29）,2011-05-30 07:49
https://www.cnblogs.com/cmt/archive/2011/05/23/2054007.html,上周热点回顾（5.16-5.22）,2011-05-23 08:41
https://www.cnblogs.com/cmt/archive/2011/05/16/2047304.html,上周热点回顾（5.9-5.15）,2011-05-16 08:11
https://www.cnblogs.com/cmt/archive/2011/05/09/2040786.html,上周热点回顾（5.2-5.8）,2011-05-09 08:12
https://www.cnblogs.com/cmt/archive/2011/05/02/2034232.html,上周热点回顾（4.25-5.1）,2011-05-02 08:48
https://www.cnblogs.com/cmt/archive/2011/04/25/2026641.html,上周热点回顾（4.18-4.24）,2011-04-25 08:12
https://www.cnblogs.com/cmt/archive/2011/04/18/2019458.html,上周热点回顾（4.11-4.17）,2011-04-18 08:11
https://www.cnblogs.com/cmt/archive/2011/04/11/2012093.html,上周热点回顾（4.4-4.10）,2011-04-11 09:45
https://www.cnblogs.com/cmt/archive/2011/04/04/2005157.html,上周热点回顾（3.28-4.3）,2011-04-04 13:17
https://www.cnblogs.com/cmt/archive/2011/03/28/1997400.html,上周热点回顾（3.21-3.27）,2011-03-28 08:21
https://www.cnblogs.com/cmt/archive/2011/03/21/1989867.html,上周热点回顾（3.14-3.20）,2011-03-21 08:22
https://www.cnblogs.com/cmt/archive/2011/03/07/1973227.html,上周热点回顾（2.28-3.6）,2011-03-07 08:38
https://www.cnblogs.com/cmt/archive/2011/02/28/1966657.html,上周热点回顾（2.21-2.27）,2011-02-28 07:54
https://www.cnblogs.com/cmt/archive/2011/02/21/1959407.html,上周热点回顾（2.14-2.20）,2011-02-21 08:42
https://www.cnblogs.com/cmt/archive/2011/02/14/1954065.html,上周热点回顾（2.7-2.13）,2011-02-14 09:51
https://www.cnblogs.com/cmt/archive/2011/02/08/1949808.html,上周热点回顾（1.31-2.6）,2011-02-08 08:36
https://www.cnblogs.com/cmt/archive/2011/01/31/1948156.html,上周热点回顾（1.24-1.30）,2011-01-31 09:09
https://www.cnblogs.com/cmt/archive/2011/01/24/1942821.html,上周热点回顾（1.17-1.23）,2011-01-24 08:17
https://www.cnblogs.com/cmt/archive/2011/01/17/1937047.html,上周热点回顾（1.10-1.16）,2011-01-17 08:11
https://www.cnblogs.com/cmt/archive/2011/01/10/1931624.html,上周热点回顾（1.3-1.9）,2011-01-10 09:09
https://www.cnblogs.com/cmt/archive/2010/12/27/1917557.html,上周热点回顾（12.20-12.26）,2010-12-27 08:43
https://www.cnblogs.com/cmt/archive/2010/12/20/1910978.html,上周热点回顾（12.13-12.19）,2010-12-20 08:43
https://www.cnblogs.com/cmt/archive/2010/12/13/1904087.html,上周热点回顾（12.6-12.12）,2010-12-13 08:36
https://www.cnblogs.com/cmt/archive/2010/12/06/1897406.html,上周热点回顾（11.29-12.5）,2010-12-06 08:41
https://www.cnblogs.com/cmt/archive/2010/11/29/1890730.html,上周热点回顾（11.22-11.28）,2010-11-29 08:23
https://www.cnblogs.com/cmt/archive/2010/11/22/1883715.html,上周热点回顾（11.15-11.21）,2010-11-22 08:04
https://www.cnblogs.com/cmt/archive/2010/11/15/1877352.html,上周热点回顾（11.8-11.14）,2010-11-15 08:18
https://www.cnblogs.com/cmt/archive/2010/11/08/1871435.html,上周热点回顾（11.1-11.7）,2010-11-08 08:05
https://www.cnblogs.com/cmt/archive/2010/10/25/1860116.html,上周热点回顾（10.18-10.24）,2010-10-25 09:38
https://www.cnblogs.com/cmt/archive/2010/10/18/1853942.html,上周热点回顾（10.11-10.17）,2010-10-18 07:56
https://www.cnblogs.com/cmt/archive/2010/10/11/1847576.html,上周热点回顾（10.4-10.10）,2010-10-11 08:40
https://www.cnblogs.com/cmt/archive/2010/09/27/1836468.html,上周热点回顾（9.20-9.26）,2010-09-27 09:43
https://www.cnblogs.com/cmt/archive/2010/09/20/1831463.html,上周热点回顾（9.13-9.19）,2010-09-20 08:52
https://www.cnblogs.com/cmt/archive/2010/09/06/1818772.html,上周热点回顾（8.30-9.5）,2010-09-06 09:11
https://www.cnblogs.com/cmt/archive/2010/08/30/1812291.html,上周热点回顾（8.23-8.29）,2010-08-30 08:26
https://www.cnblogs.com/cmt/archive/2010/08/23/1806171.html,上周热点回顾（8.16-8.22）,2010-08-23 09:45
https://www.cnblogs.com/cmt/archive/2010/08/16/1800371.html,上周热点回顾（8.9-8.15）,2010-08-16 08:09
https://www.cnblogs.com/cmt/archive/2010/08/09/1795427.html,上周热点回顾（8.2-8.8）,2010-08-09 09:18
https://www.cnblogs.com/cmt/archive/2010/08/02/1790133.html,上周热点回顾（7.26-8.1）,2010-08-02 08:55
https://www.cnblogs.com/cmt/archive/2010/07/26/1784960.html,上周热点回顾（7.19-7.25）,2010-07-26 08:27
https://www.cnblogs.com/cmt/archive/2010/07/19/1780436.html,上周热点回顾（7.12-7.18）,2010-07-19 07:56
https://www.cnblogs.com/cmt/archive/2010/07/12/1775488.html,上周热点回顾（7.5-7.11）,2010-07-12 09:08
https://www.cnblogs.com/cmt/archive/2010/07/05/1771102.html,上周热点回顾（6.28-7.4）,2010-07-05 07:06
https://www.cnblogs.com/cmt/archive/2010/06/28/1766461.html,上周热点回顾（6.21-6.27）,2010-06-28 08:53
https://www.cnblogs.com/cmt/archive/2010/06/14/1758149.html,上周热点回顾（6.7-6.13）,2010-06-14 10:41
https://www.cnblogs.com/cmt/archive/2010/06/07/1752947.html,上周热点回顾（5.31-6.6）,2010-06-07 09:01
https://www.cnblogs.com/cmt/archive/2010/05/31/1747872.html,上周热点回顾（5.24-5.30）,2010-05-31 09:45
https://www.cnblogs.com/cmt/archive/2010/05/24/1742497.html,上周热点回顾（5.17-5.23）,2010-05-24 09:33
https://www.cnblogs.com/cmt/archive/2010/05/17/1737054.html,上周热点回顾（5.10-5.16）,2010-05-17 08:46
https://www.cnblogs.com/cmt/archive/2010/05/04/1726922.html,上周热点回顾（4.26-5.2）,2010-05-04 08:48
https://www.cnblogs.com/cmt/archive/2010/04/26/1720941.html,上周热点回顾（4.19-4.25）,2010-04-26 09:48
https://www.cnblogs.com/cmt/archive/2010/04/19/1715152.html,上周热点回顾（4.12-4.18）,2010-04-19 10:02
https://www.cnblogs.com/cmt/archive/2010/04/12/1710011.html,上周热点回顾（4.5-4.11）,2010-04-12 10:34
https://www.cnblogs.com/cmt/archive/2010/04/06/1705051.html,上周热点回顾（3.29-4.4）,2010-04-06 09:01
https://www.cnblogs.com/cmt/archive/2010/03/29/1699227.html,上周热点回顾（3.22-3.28）,2010-03-29 09:04
https://www.cnblogs.com/cmt/archive/2010/03/22/1691335.html,上周热点回顾（3.15-3.21）,2010-03-22 08:47
https://www.cnblogs.com/cmt/archive/2010/03/15/1685978.html,上周热点回顾（3.8-3.14）,2010-03-15 10:45
https://www.cnblogs.com/cmt/archive/2010/03/08/1680575.html,上周热点回顾（3.1-3.7）,2010-03-08 10:09
https://www.cnblogs.com/cmt/archive/2010/03/01/1675367.html,上周热点回顾（2.22-2.28）,2010-03-01 09:00
https://www.cnblogs.com/cmt/archive/2010/01/25/1655583.html,上周热点回顾（1.18-1.24）,2010-01-25 09:33
https://www.cnblogs.com/cmt/archive/2010/01/18/1650363.html,上周热点回顾（1.11-1.17）,2010-01-18 09:49
